{
  "train": [
    5.128269830494266e-05,
    4.5757210386870756e-05,
    4.99484909881415e-05,
    4.797433651968557e-05,
    4.893951496612296e-05,
    4.8268891460559566e-05,
    5.347550949567769e-05,
    5.0059070001617394e-05,
    5.0243811296616733e-05,
    5.1982007990801026e-05
  ],
  "train_loss": [
    5.128269830494266e-05,
    4.5757210386870756e-05,
    4.99484909881415e-05,
    4.797433651968557e-05,
    4.893951496612296e-05,
    4.8268891460559566e-05,
    5.347550949567769e-05,
    5.0059070001617394e-05,
    5.0243811296616733e-05,
    5.1982007990801026e-05
  ],
  "val": [
    6.246864237686074e-05,
    7.091572267915481e-05,
    5.583779825466515e-05,
    7.400202003758002e-05,
    6.516285081768986e-05,
    6.44632545202188e-05,
    6.48446524694424e-05,
    6.141272029381697e-05,
    6.611453705525613e-05,
    6.829367259583004e-05
  ],
  "val_loss": [
    6.246864237686074e-05,
    7.091572267915481e-05,
    5.583779825466515e-05,
    7.400202003758002e-05,
    6.516285081768986e-05,
    6.44632545202188e-05,
    6.48446524694424e-05,
    6.141272029381697e-05,
    6.611453705525613e-05,
    6.829367259583004e-05
  ],
  "val_riemannian_dist": [
    0.5117154955863953,
    0.5161920714378357,
    0.517555160522461,
    0.5153987669944763,
    0.5178282463550568,
    0.5176403665542603,
    0.5177059590816497,
    0.5171045005321503,
    0.5186338627338409,
    0.515210109949112
  ]
}