{
  "test_loss": 1.674323085328379e-05,
  "test_riemannian_dist": 0.47504889488220214
}